Product Name,Price
T800 Ultra Smartwatch With Wireless Charging And Smart Watch For Men/Women,Rs. 739
"Ultima Watch Circle 2.0 Smartwatch: In-build ChatGPT, 3ATM Waterproof, 1.43 TRU AMOLED Display, 2.5D Curved Glass, 100+ Sports Modes, BT Calling, Super Slim with Premium Zinc Alloy Frame Smart Watch","Rs. 3,499"
boAt Smartwatch WAVE CALL 2 | Bluetooth Calling | 1.83 Inch HD Display | 700 + Activities Modes | 1000 + Cloud Watch Faces | Crest OS+ App Support,"Rs. 2,999"
T500 Smart Watch for both Men and Women,Rs. 751
T800 Ultra Smartwatch Series 8 1.99 Inch Smart Watch,Rs. 771
"Zeblaze Btalk Plus Smart Watch | Bluetooth Calling | Ultra-large 2.03"" HD Color Display | IP 68 | Multiple Sport Modes | Smartwatch For Men & Women","Rs. 1,999"
"Ultima Magnum E500 Luxury Smartwatch: 1.43‚Äù TRU AMOLED Screen, Stainless Steel & Leather Straps, Bluetooth Calling, Advanced Health Suite, 100+ Sports Modes, IP68 Rated Smart Watch","Rs. 4,399"
Unisex T800 Smart iWatch Ultra With Wirless Charging And IP67 WaterProof Smart Watch,Rs. 849
"BOULT Ripple | 1.39"" HD Screen | Bluetooth Calling | 120+ Sports Mode | 150+ Cloud Watch Faces | IP67 Dust & Water Resistant","Rs. 1,935"
"Ultima Watch Circle & Boom 141 ANC Earbuds, a Premium Model is a Perfect Companion for Fitness, Music & More.","Rs. 4,799"
Plus Smart Watch Full Screen 1.75 Inch With Silicone Band Rotating Crown Make/Answer Calls Fitness Tracker Health Monitor,"Rs. 1,775"
Zeblaze GTR 3 Pro Smart Watch | Ultra HD Amoled Display | Bluetooth Calling | IP68 Water Resistance | 316L Stainless Steel Frame |1 Year Warranty,"Rs. 4,190"
T800 Ultra Smartwatch Series 8 1.99 Inch Smart Watch,Rs. 744
D7 Pro Smartwatch GPS Track Push Version with 1.77 Inch HD Screen Calling Feature DIY Dials IP68 Water Resistance and Wireless Charging,Rs. 921
"Zeblaze GTS 3 Plus Smart Watch | 2.15"" Ultra Large HD Amoled Display | Bluetooth Calling | IP68 Water Resistance | 1 Year Warranty | Always on Display","Rs. 2,999"
T500 Bluetooth Smart Watch,Rs. 749
boAt LUNAR SEEK | Bluetooth Calling Smartwatch | 1.39 Inch HD Round Display | Health Monitoring | Active & Sports Modes | Functional Crown | Metal frame,"Rs. 3,299"
"Zeblaze Btalk 3 Plus Smart Watch | Bluetooth Calling | 1.39"" Large HD Color Display | IP 68 | Fitness Tracking Smartwatch For Men & Women |","Rs. 2,790"
Alewa Ranger Amoled Round Smartwatch | BT Call | IP68 Waterproof | Always On Display | 410mah Battery (Black/Gray/Green),"Rs. 3,558"
Smart Watch for Men Women Support Bluetooth Call Pink,Rs. 735
Pebble Prism Smart Watch,"Rs. 1,400"
T800 Watch 8 Ultra 1.99 inch Infinity Display Series 8 Full Touch Screen Bluetooth Call Wireless Charging Smartwatch,Rs. 802
T500 smart watch,Rs. 899
T800 Ultra Smartwatch With Bluetooth Calling Function For Men/Women 1.99 inch Full Display t800 ultra Unisex Smart Iwatch,Rs. 764
"Green Orbit SmartWatch | 1.43"" Super Amoled Display | Bluetooth Calling | IP 68 Water Resistance | 100+ Sport mode | Metallic body | Nepali Language | Bluetooth V5.2 | 260mAh Battery Capacity | 15 Days Standby | Black& Gold Colors| AOD | 1 Year Warranty","Rs. 3,113"
"Combo Offer T800 Ultra Smartwatch With M19 Wireless Earbuds, Bluetooth Calling Function Watch 1.99 Infinite Display Wireless Charging For Men/Women","Rs. 1,391"
"Ultra Smart Watch 7 in 1 BT Calling, Big Display 49MM Sports Mode Fitness 7 Belt for Men & Women Smartwatch (Multicolor Strap, Free Size)","Rs. 1,777"
S8Ultra Smart Watch For Bluetooth Calling Function,Rs. 719
"Alewa Strike Amoled Smartwatch 2.01"" Large Display | Bluetooth Calling | IP67 WaterProof | Metal Body | Extra Strap | G-Sensor","Rs. 2,758"
"FireBoltt Gladiator 1.96"" Smart Watch with Bluetooth Calling, Voice Assistant &123 Sports Modes, 8 Unique UI Interactions, SpO2","Rs. 2,849"
T800 Watch 8 Ultra 1.99 inch Infinity Display Series 8 Full Touch Screen Bluetooth Call Wireless Charging Smartwatch,Rs. 899
"Alewa Moon Amoled Round Metallic Smartwatch | 5.3 BT Call | 3ATM Waterproof, Dustproof | 290mah Battery | DaFit App (Rose Gold/Black/Starry Silver)","Rs. 3,114"
T800 Ultra Smartwatch Series 8 with Wireless Charging,Rs. 775
"Redmi Watch 5 Active Smart Watch | 2"" High Resolution Display | 140+ Sports Modes | Bluetooth Calling","Rs. 4,499"
Alewa Ranger Amoled Round Smartwatch | BT Call | IP68 Waterproof | Always On Display | 410mah Battery (Black/Gray/Green),"Rs. 3,815"
X7 Bluetooth Smart Watch full touch Heart Rate Blood Pressure Wrist Smartwatch For men women Sport watch,Rs. 681
Zeblaze Beyond 3 Pro GPS Smart Watch | Ultra HD Amoled Display | Built-in GPS & Route Import | Bluetooth Calling | IP68 Water Resistance | 1 Year Warranty,"Rs. 5,888"
T800 Ultra Smartwatch With Wireless Charging And Smart Watch For Men/Women,Rs. 739
Smart Watch Band Sport Fitness Smartwatch For Men Women Ip67,Rs. 785
"Vestel Zazz ZL54CJ Smartwatch: 1.83"" IPS Display | IP67 Waterproof | Gray Color | BT calling | 100+ Sports mode | 7-8 days battery backup | Universal Compatibility","Rs. 2,224"
